bucketname,tier,env,rpm,rps
hydra-admin-high,Develop,dev,80,10
hydra-admin-high,Develop,prod,80,10
hydra-admin-high,Develop,stage,80,10
hydra-admin-high,Enterprise,dev,175,18
hydra-admin-high,Enterprise,prod,8750,622
hydra-admin-high,Enterprise,stage,175,18
hydra-admin-high,Growth,dev,175,18
hydra-admin-high,Growth,prod,4300,370
hydra-admin-high,Growth,stage,175,18
hydra-admin-high,Production,dev,175,18
hydra-admin-high,Production,prod,175,18
hydra-admin-high,Production,stage,175,18
hydra-admin-low,Develop,dev,15,10
hydra-admin-low,Develop,prod,15,10
hydra-admin-low,Develop,stage,15,10
hydra-admin-low,Enterprise,dev,30,10
hydra-admin-low,Enterprise,prod,700,69
hydra-admin-low,Enterprise,stage,30,10
hydra-admin-low,Growth,dev,30,10
hydra-admin-low,Growth,prod,350,35
hydra-admin-low,Growth,stage,30,10
hydra-admin-low,Production,dev,30,10
hydra-admin-low,Production,prod,35,10
hydra-admin-low,Production,stage,30,10
hydra-admin-medium,Develop,dev,15,10
hydra-admin-medium,Develop,prod,15,10
hydra-admin-medium,Develop,stage,15,10
hydra-admin-medium,Enterprise,dev,30,10
hydra-admin-medium,Enterprise,prod,125,13
hydra-admin-medium,Enterprise,stage,30,10
hydra-admin-medium,Growth,dev,30,10
hydra-admin-medium,Growth,prod,60,10
hydra-admin-medium,Growth,stage,30,10
hydra-admin-medium,Production,dev,30,10
hydra-admin-medium,Production,prod,30,10
hydra-admin-medium,Production,stage,30,10
hydra-public-high,Develop,dev,70,10
hydra-public-high,Develop,prod,70,10
hydra-public-high,Develop,stage,70,10
hydra-public-high,Enterprise,dev,150,15
hydra-public-high,Enterprise,prod,2100,196
hydra-public-high,Enterprise,stage,150,15
hydra-public-high,Growth,dev,150,15
hydra-public-high,Growth,prod,700,69
hydra-public-high,Growth,stage,150,15
hydra-public-high,Production,dev,150,15
hydra-public-high,Production,prod,225,23
hydra-public-high,Production,stage,150,15
hydra-public-low,Develop,dev,15,10
hydra-public-low,Develop,prod,15,10
hydra-public-low,Develop,stage,15,10
hydra-public-low,Enterprise,dev,30,10
hydra-public-low,Enterprise,prod,450,45
hydra-public-low,Enterprise,stage,30,10
hydra-public-low,Growth,dev,30,10
hydra-public-low,Growth,prod,150,15
hydra-public-low,Growth,stage,30,10
hydra-public-low,Production,dev,30,10
hydra-public-low,Production,prod,45,10
hydra-public-low,Production,stage,30,10
hydra-public-medium,Develop,dev,125,13
hydra-public-medium,Develop,prod,125,13
hydra-public-medium,Develop,stage,125,13
hydra-public-medium,Enterprise,dev,250,25
hydra-public-medium,Enterprise,prod,3600,318
hydra-public-medium,Enterprise,stage,250,25
hydra-public-medium,Growth,dev,250,25
hydra-public-medium,Growth,prod,1200,116
hydra-public-medium,Growth,stage,250,25
hydra-public-medium,Production,dev,250,25
hydra-public-medium,Production,prod,375,38
hydra-public-medium,Production,stage,250,25
keto-admin-low,Develop,dev,80,10
keto-admin-low,Develop,prod,80,10
keto-admin-low,Develop,stage,80,10
keto-admin-low,Enterprise,dev,175,18
keto-admin-low,Enterprise,prod,700,69
keto-admin-low,Enterprise,stage,175,18
keto-admin-low,Growth,dev,175,18
keto-admin-low,Growth,prod,350,35
keto-admin-low,Growth,stage,175,18
keto-admin-low,Production,dev,175,18
keto-admin-low,Production,prod,175,18
keto-admin-low,Production,stage,175,18
keto-admin-medium,Develop,dev,125,13
keto-admin-medium,Develop,prod,125,13
keto-admin-medium,Develop,stage,125,13
keto-admin-medium,Enterprise,dev,250,25
keto-admin-medium,Enterprise,prod,2200,205
keto-admin-medium,Enterprise,stage,250,25
keto-admin-medium,Growth,dev,250,25
keto-admin-medium,Growth,prod,1100,107
keto-admin-medium,Growth,stage,250,25
keto-admin-medium,Production,dev,250,25
keto-admin-medium,Production,prod,550,55
keto-admin-medium,Production,stage,250,25
keto-public-high,Develop,dev,250,25
keto-public-high,Develop,prod,250,25
keto-public-high,Develop,stage,250,25
keto-public-high,Enterprise,dev,500,50
keto-public-high,Enterprise,prod,7500,564
keto-public-high,Enterprise,stage,500,50
keto-public-high,Growth,dev,500,50
keto-public-high,Growth,prod,2500,230
keto-public-high,Growth,stage,500,50
keto-public-high,Production,dev,500,50
keto-public-high,Production,prod,750,74
keto-public-high,Production,stage,500,50
kratos-admin-high,Develop,dev,40,10
kratos-admin-high,Develop,prod,40,10
kratos-admin-high,Develop,stage,40,10
kratos-admin-high,Enterprise,dev,80,10
kratos-admin-high,Enterprise,prod,1100,107
kratos-admin-high,Enterprise,stage,80,10
kratos-admin-high,Growth,dev,80,10
kratos-admin-high,Growth,prod,550,55
kratos-admin-high,Growth,stage,80,10
kratos-admin-high,Production,dev,80,10
kratos-admin-high,Production,prod,80,10
kratos-admin-high,Production,stage,80,10
kratos-admin-low,Develop,dev,80,10
kratos-admin-low,Develop,prod,80,10
kratos-admin-low,Develop,stage,80,10
kratos-admin-low,Enterprise,dev,175,18
kratos-admin-low,Enterprise,prod,850,83
kratos-admin-low,Enterprise,stage,175,18
kratos-admin-low,Growth,dev,175,18
kratos-admin-low,Growth,prod,425,43
kratos-admin-low,Growth,stage,175,18
kratos-admin-low,Production,dev,175,18
kratos-admin-low,Production,prod,175,18
kratos-admin-low,Production,stage,175,18
kratos-admin-medium,Develop,dev,25,10
kratos-admin-medium,Develop,prod,25,10
kratos-admin-medium,Develop,stage,25,10
kratos-admin-medium,Enterprise,dev,60,10
kratos-admin-medium,Enterprise,prod,400,40
kratos-admin-medium,Enterprise,stage,60,10
kratos-admin-medium,Growth,dev,60,10
kratos-admin-medium,Growth,prod,200,20
kratos-admin-medium,Growth,stage,60,10
kratos-admin-medium,Production,dev,60,10
kratos-admin-medium,Production,prod,90,10
kratos-admin-medium,Production,stage,60,10
kratos-public-high,Develop,dev,450,45
kratos-public-high,Develop,prod,450,45
kratos-public-high,Develop,stage,450,45
kratos-public-high,Enterprise,dev,950,93
kratos-public-high,Enterprise,prod,15000,750
kratos-public-high,Enterprise,stage,950,93
kratos-public-high,Growth,dev,950,93
kratos-public-high,Growth,prod,4500,384
kratos-public-high,Growth,stage,950,93
kratos-public-high,Production,dev,950,93
kratos-public-high,Production,prod,1400,134
kratos-public-high,Production,stage,950,93
kratos-public-low,Develop,dev,20,10
kratos-public-low,Develop,prod,20,10
kratos-public-low,Develop,stage,20,10
kratos-public-low,Enterprise,dev,40,10
kratos-public-low,Enterprise,prod,600,59
kratos-public-low,Enterprise,stage,40,10
kratos-public-low,Growth,dev,40,10
kratos-public-low,Growth,prod,200,20
kratos-public-low,Growth,stage,40,10
kratos-public-low,Production,dev,40,10
kratos-public-low,Production,prod,60,10
kratos-public-low,Production,stage,40,10
kratos-public-medium,Develop,dev,100,10
kratos-public-medium,Develop,prod,100,10
kratos-public-medium,Develop,stage,100,10
kratos-public-medium,Enterprise,dev,200,20
kratos-public-medium,Enterprise,prod,3000,271
kratos-public-medium,Enterprise,stage,200,20
kratos-public-medium,Growth,dev,200,20
kratos-public-medium,Growth,prod,1000,97
kratos-public-medium,Growth,stage,200,20
kratos-public-medium,Production,dev,200,20
kratos-public-medium,Production,prod,325,33
kratos-public-medium,Production,stage,200,20
polis-public-high,Develop,dev,15,10
polis-public-high,Develop,prod,15,10
polis-public-high,Develop,stage,15,10
polis-public-high,Enterprise,dev,30,10
polis-public-high,Enterprise,prod,450,45
polis-public-high,Enterprise,stage,30,10
polis-public-high,Growth,dev,30,10
polis-public-high,Growth,prod,150,15
polis-public-high,Growth,stage,30,10
polis-public-high,Production,dev,30,10
polis-public-high,Production,prod,45,10
polis-public-high,Production,stage,30,10
polis-public-medium,Develop,dev,20,10
polis-public-medium,Develop,prod,20,10
polis-public-medium,Develop,stage,20,10
polis-public-medium,Enterprise,dev,40,10
polis-public-medium,Enterprise,prod,600,59
polis-public-medium,Enterprise,stage,40,10
polis-public-medium,Growth,dev,40,10
polis-public-medium,Growth,prod,200,20
polis-public-medium,Growth,stage,40,10
polis-public-medium,Production,dev,40,10
polis-public-medium,Production,prod,60,10
polis-public-medium,Production,stage,40,10
talos-admin-high,Develop,dev,80,10
talos-admin-high,Develop,prod,80,10
talos-admin-high,Develop,stage,80,10
talos-admin-high,Enterprise,dev,175,18
talos-admin-high,Enterprise,prod,2500,230
talos-admin-high,Enterprise,stage,175,18
talos-admin-high,Growth,dev,175,18
talos-admin-high,Growth,prod,1000,97
talos-admin-high,Growth,stage,175,18
talos-admin-high,Production,dev,175,18
talos-admin-high,Production,prod,250,25
talos-admin-high,Production,stage,175,18
talos-admin-low,Develop,dev,15,10
talos-admin-low,Develop,prod,15,10
talos-admin-low,Develop,stage,15,10
talos-admin-low,Enterprise,dev,30,10
talos-admin-low,Enterprise,prod,200,20
talos-admin-low,Enterprise,stage,30,10
talos-admin-low,Growth,dev,30,10
talos-admin-low,Growth,prod,100,10
talos-admin-low,Growth,stage,30,10
talos-admin-low,Production,dev,30,10
talos-admin-low,Production,prod,35,10
talos-admin-low,Production,stage,30,10
talos-admin-medium,Develop,dev,30,10
talos-admin-medium,Develop,prod,30,10
talos-admin-medium,Develop,stage,30,10
talos-admin-medium,Enterprise,dev,60,10
talos-admin-medium,Enterprise,prod,500,50
talos-admin-medium,Enterprise,stage,60,10
talos-admin-medium,Growth,dev,60,10
talos-admin-medium,Growth,prod,250,25
talos-admin-medium,Growth,stage,60,10
talos-admin-medium,Production,dev,60,10
talos-admin-medium,Production,prod,90,10
talos-admin-medium,Production,stage,60,10
talos-public-high,Develop,dev,60,10
talos-public-high,Develop,prod,60,10
talos-public-high,Develop,stage,60,10
talos-public-high,Enterprise,dev,125,13
talos-public-high,Enterprise,prod,850,83
talos-public-high,Enterprise,stage,125,13
talos-public-high,Growth,dev,125,13
talos-public-high,Growth,prod,400,40
talos-public-high,Growth,stage,125,13
talos-public-high,Production,dev,125,13
talos-public-high,Production,prod,200,20
talos-public-high,Production,stage,125,13
talos-public-low,Develop,dev,15,10
talos-public-low,Develop,prod,15,10
talos-public-low,Develop,stage,15,10
talos-public-low,Enterprise,dev,30,10
talos-public-low,Enterprise,prod,200,20
talos-public-low,Enterprise,stage,30,10
talos-public-low,Growth,dev,30,10
talos-public-low,Growth,prod,100,10
talos-public-low,Growth,stage,30,10
talos-public-low,Production,dev,30,10
talos-public-low,Production,prod,45,10
talos-public-low,Production,stage,30,10
